{
  "Total" : {
    "transaction" : "Total",
    "sampleCount" : 2239,
    "errorCount" : 100,
    "errorPct" : 4.4662795,
    "meanResTime" : 1999.4609200535965,
    "medianResTime" : 1118.0,
    "minResTime" : 349.0,
    "maxResTime" : 29235.0,
    "pct1ResTime" : 4165.0,
    "pct2ResTime" : 7768.0,
    "pct3ResTime" : 15641.199999999995,
    "throughput" : 27.134460401139187,
    "receivedKBytesPerSec" : 711.1530029577956,
    "sentKBytesPerSec" : 4.101029926377023
  },
  "HTTP Request" : {
    "transaction" : "HTTP Request",
    "sampleCount" : 2239,
    "errorCount" : 100,
    "errorPct" : 4.4662795,
    "meanResTime" : 1999.4609200535965,
    "medianResTime" : 1118.0,
    "minResTime" : 349.0,
    "maxResTime" : 29235.0,
    "pct1ResTime" : 4165.0,
    "pct2ResTime" : 7768.0,
    "pct3ResTime" : 15641.199999999995,
    "throughput" : 27.134460401139187,
    "receivedKBytesPerSec" : 711.1530029577956,
    "sentKBytesPerSec" : 4.101029926377023
  }
}