{
  "Total" : {
    "transaction" : "Total",
    "sampleCount" : 661,
    "errorCount" : 0,
    "errorPct" : 0.0,
    "meanResTime" : 1454.1739788199695,
    "medianResTime" : 1217.0,
    "minResTime" : 493.0,
    "maxResTime" : 4275.0,
    "pct1ResTime" : 2346.6000000000004,
    "pct2ResTime" : 3061.0,
    "pct3ResTime" : 4059.38,
    "throughput" : 16.48379052369077,
    "receivedKBytesPerSec" : 450.34230829177056,
    "sentKBytesPerSec" : 2.607787172693267
  },
  "HTTP Request" : {
    "transaction" : "HTTP Request",
    "sampleCount" : 661,
    "errorCount" : 0,
    "errorPct" : 0.0,
    "meanResTime" : 1454.1739788199695,
    "medianResTime" : 1217.0,
    "minResTime" : 493.0,
    "maxResTime" : 4275.0,
    "pct1ResTime" : 2346.6000000000004,
    "pct2ResTime" : 3061.0,
    "pct3ResTime" : 4059.38,
    "throughput" : 16.48379052369077,
    "receivedKBytesPerSec" : 450.34230829177056,
    "sentKBytesPerSec" : 2.607787172693267
  }
}